url,name,address,city,state,phone
https://creativeplanning.com/international/?utm_source=googlemybusiness&utm_medium=organic&utm_campaign=madison_wi,Sponsoredî—”,"îƒˆ3330 University Ave #316, Madison, WI 53705",Madison,WI,î‚°(608) 237-1318
http://www.berndtcpa.com/,Sponsoredî—”,"îƒˆ34 Schroeder Ct Ste 200, Madison, WI 53711",Madison,WI,î‚°(608) 274-7473
https://alignedcpaassociates.com/,Sponsoredî—”,"îƒˆ5920 Exchange St #1, McFarland, WI 53558",McFarland,WI,î‚°(608) 712-5679
http://www.biesterveld.com/,Sponsoredî—”,"îƒˆ2141 Altoona Ave, Eau Claire, WI 54701",Eau Claire,WI,î‚°(715) 832-8738
https://midwest.cpa/,Sponsoredî—”,"îƒˆ1317 Nantucket Dr, Janesville, WI 53546",Janesville,WI,î‚°(860) 926-3668
https://accountants.sva.com/?y_source=1_MzA3MTI3Mi03MTUtbG9jYXRpb24ud2Vic2l0ZQ%3D%3D,Sponsoredî—”,"îƒˆ1221 John Q Hammons Dr Ste 100 Suite 100, Madison, WI 53717",Madison,WI,î‚°(608) 831-8181
http://chamberscpallc.com/,Sponsoredî—”,"îƒˆ204 Moravian Valley Rd Suite G, Waunakee, WI 53597",Waunakee,WI,î‚°(608) 467-4251
https://aaiwi.com/?utm_source=website&utm_medium=GMB&utm_campaign=NEXT,"Accounting Associates, Inc.","îƒˆ840 Wisconsin Ave, Boscobel, WI 53805",Boscobel,WI,î‚°(608) 375-2727
https://www.nealgroup.net/,The Neal Group LLC,"îƒˆ3001 W Layton Ave, Greenfield, WI 53221",Greenfield,WI,î‚°(414) 325-2040
http://www.uscedar.com/,Us Cedar,"îƒˆ314 N Grove St, Barneveld, WI 53507",Barneveld,WI,î‚°(608) 924-0073
https://hfieldcpa.com/,Sponsoredî—”,"îƒˆ850 N Wisconsin St, Elkhorn, WI 53121",Elkhorn,WI,î‚°(262) 742-2777
https://aaiwi.com/,Sponsoredî—”,"îƒˆ52 Means Dr, Platteville, WI 53818",Platteville,WI,î‚°(608) 375-2727
https://taxprepwivalley.com/,Sponsoredî—”,"îƒˆ1501 Clark St, Stevens Point, WI 54481",Stevens Point,WI,î‚°(715) 344-1827
http://advancedaccountingtax.com/,Sponsoredî—”,"îƒˆ14 E Davenport St, Rhinelander, WI 54501",Rhinelander,WI,î‚°(715) 365-1881
http://jakaccounting.com/,Sponsoredî—”,"îƒˆ1203 W Knapp St, Rice Lake, WI 54868",Rice Lake,WI,î‚°(715) 234-2440
https://mwaccountingtax.com/,Sponsoredî—”,"îƒˆ2711 Allen Blvd #309, Middleton, WI 53562",Middleton,WI,î‚°(608) 206-0694
http://www.davidhennickcpa.com/,Results,"îƒˆ232 Chad's Crossing, Verona, WI 53593",Verona,WI,î‚°(608) 216-4142
http://www.duanecpa.com/,Results,"îƒˆThe professional building, 213 W Cottage Grove Rd, Cottage Grove, WI 53527",Cottage Grove,WI,î‚°(608) 839-3866
http://pitsinctax.com/,Results,"îƒˆ128 Mappa Ave, Barneveld, NY 13304",Barneveld,NY,î‚°(315) 896-4636
http://www.davettelynnehrabak.com/,Results,"îƒˆ164 S Lake Ave, Phillips, WI 54555",Phillips,WI,î‚°(715) 339-6638
https://accountingandtaxsolutions.net/,Results,"îƒˆ9755 US-61, Lancaster, WI 53813",Lancaster,WI,î‚°(608) 723-2247
https://www.hammernikassoc.com/,Results,"îƒˆ10777 Beloit Rd, Greenfield, WI 53228",Greenfield,WI,î‚°(414) 545-1890
http://www.nlainc.net/,Results,"îƒˆ1005 1st Center Ave, Brodhead, WI 53520",Brodhead,WI,î‚°(608) 897-3994
http://www.isacpas.com/,Results,"îƒˆ429 N 9th St, Manitowoc, WI 54220",Manitowoc,WI,î‚°(920) 682-6365
http://midwesttax.co/,Results,"îƒˆ711 W Layton Ave suite b, Milwaukee, WI 53221",Milwaukee,WI,î‚°(414) 509-1441
